ano,uf,status,origem,arquivo_7z,arquivos_lidos,observacoes_renda
1994,AC,ok,download_temp,/tmp/RtmpQRudZG/rais_streaming_20876/download/1994/AC1994.7z,1,25166
1994,AL,ok,download_temp,/tmp/RtmpQRudZG/rais_streaming_20876/download/1994/AL1994.7z,1,143748
1994,AM,ok,download_temp,/tmp/RtmpQRudZG/rais_streaming_20876/download/1994/AM1994.7z,1,125705
1994,AP,ok,download_temp,/tmp/RtmpQRudZG/rais_streaming_20876/download/1994/AP1994.7z,1,18509
1994,BA,ok,download_temp,/tmp/RtmpQRudZG/rais_streaming_20876/download/1994/BA1994.7z,1,557097
1994,CE,ok,download_temp,/tmp/RtmpQRudZG/rais_streaming_20876/download/1994/CE1994.7z,1,320557
1994,DF,ok,download_temp,/tmp/RtmpQRudZG/rais_streaming_20876/download/1994/DF1994.7z,1,352870
1994,ES,ok,download_temp,/tmp/RtmpQRudZG/rais_streaming_20876/download/1994/ES1994.7z,1,266717
1994,GO,ok,download_temp,/tmp/RtmpQRudZG/rais_streaming_20876/download/1994/GO1994.7z,1,290242
1994,MA,ok,download_temp,/tmp/RtmpQRudZG/rais_streaming_20876/download/1994/MA1994.7z,1,127247
1994,MG,ok,download_temp,/tmp/RtmpQRudZG/rais_streaming_20876/download/1994/MG1994.7z,1,1559785
1994,MS,ok,download_temp,/tmp/RtmpQRudZG/rais_streaming_20876/download/1994/MS1994.7z,1,166227
1994,MT,ok,download_temp,/tmp/RtmpQRudZG/rais_streaming_20876/download/1994/MT1994.7z,1,147423
1994,PA,ok,download_temp,/tmp/RtmpQRudZG/rais_streaming_20876/download/1994/PA1994.7z,1,214377
1994,PB,ok,download_temp,/tmp/RtmpQRudZG/rais_streaming_20876/download/1994/PB1994.7z,1,122813
1994,PE,ok,download_temp,/tmp/RtmpQRudZG/rais_streaming_20876/download/1994/PE1994.7z,1,495292
1994,PI,ok,download_temp,/tmp/RtmpQRudZG/rais_streaming_20876/download/1994/PI1994.7z,1,94192
1994,PR,ok,download_temp,/tmp/RtmpQRudZG/rais_streaming_20876/download/1994/PR1994.7z,1,911228
1994,RJ,ok,download_temp,/tmp/RtmpQRudZG/rais_streaming_20876/download/1994/RJ1994.7z,1,1768773
1994,RN,ok,download_temp,/tmp/RtmpQRudZG/rais_streaming_20876/download/1994/RN1994.7z,1,128065
1994,RO,ok,download_temp,/tmp/RtmpQRudZG/rais_streaming_20876/download/1994/RO1994.7z,1,63306
1994,RR,ok,download_temp,/tmp/RtmpQRudZG/rais_streaming_20876/download/1994/RR1994.7z,1,11873
1994,RS,ok,download_temp,/tmp/RtmpQRudZG/rais_streaming_20876/download/1994/RS1994.7z,1,1051944
1994,SC,ok,download_temp,/tmp/RtmpQRudZG/rais_streaming_20876/download/1994/SC1994.7z,1,556954
1994,SE,ok,download_temp,/tmp/RtmpQRudZG/rais_streaming_20876/download/1994/SE1994.7z,1,105999
1994,SP,falhou_arquivo,download_temp,,0,0
1994,TO,ok,download_temp,/tmp/RtmpQRudZG/rais_streaming_20876/download/1994/TO1994.7z,1,21155
1995,AC,ok,download_temp,/tmp/RtmpQRudZG/rais_streaming_20876/download/1995/AC1995.7z,1,21429
1995,AL,ok,download_temp,/tmp/RtmpQRudZG/rais_streaming_20876/download/1995/AL1995.7z,1,157245
1995,AM,ok,download_temp,/tmp/RtmpQRudZG/rais_streaming_20876/download/1995/AM1995.7z,1,141424
1995,AP,ok,download_temp,/tmp/RtmpQRudZG/rais_streaming_20876/download/1995/AP1995.7z,1,19352
1995,BA,ok,download_temp,/tmp/RtmpQRudZG/rais_streaming_20876/download/1995/BA1995.7z,1,620040
1995,CE,ok,download_temp,/tmp/RtmpQRudZG/rais_streaming_20876/download/1995/CE1995.7z,1,352738
1995,DF,ok,download_temp,/tmp/RtmpQRudZG/rais_streaming_20876/download/1995/DF1995.7z,1,348699
1995,ES,ok,download_temp,/tmp/RtmpQRudZG/rais_streaming_20876/download/1995/ES1995.7z,1,291763
1995,GO,ok,download_temp,/tmp/RtmpQRudZG/rais_streaming_20876/download/1995/GO1995.7z,1,329830
1995,MA,ok,download_temp,/tmp/RtmpQRudZG/rais_streaming_20876/download/1995/MA1995.7z,1,135396
1995,MG,ok,download_temp,/tmp/RtmpQRudZG/rais_streaming_20876/download/1995/MG1995.7z,1,1770388
1995,MS,ok,download_temp,/tmp/RtmpQRudZG/rais_streaming_20876/download/1995/MS1995.7z,1,179012
1995,MT,ok,download_temp,/tmp/RtmpQRudZG/rais_streaming_20876/download/1995/MT1995.7z,1,171719
1995,PA,ok,download_temp,/tmp/RtmpQRudZG/rais_streaming_20876/download/1995/PA1995.7z,1,258654
1995,PB,ok,download_temp,/tmp/RtmpQRudZG/rais_streaming_20876/download/1995/PB1995.7z,1,167203
1995,PE,ok,download_temp,/tmp/RtmpQRudZG/rais_streaming_20876/download/1995/PE1995.7z,1,540361
1995,PI,ok,download_temp,/tmp/RtmpQRudZG/rais_streaming_20876/download/1995/PI1995.7z,1,92958
1995,PR,ok,download_temp,/tmp/RtmpQRudZG/rais_streaming_20876/download/1995/PR1995.7z,1,967234
1995,RJ,ok,download_temp,/tmp/RtmpQRudZG/rais_streaming_20876/download/1995/RJ1995.7z,1,1874056
1995,RN,ok,download_temp,/tmp/RtmpQRudZG/rais_streaming_20876/download/1995/RN1995.7z,1,152084
1995,RO,ok,download_temp,/tmp/RtmpQRudZG/rais_streaming_20876/download/1995/RO1995.7z,1,67591
1995,RR,ok,download_temp,/tmp/RtmpQRudZG/rais_streaming_20876/download/1995/RR1995.7z,1,11678
1995,RS,ok,download_temp,/tmp/RtmpQRudZG/rais_streaming_20876/download/1995/RS1995.7z,1,1115930
1995,SC,ok,download_temp,/tmp/RtmpQRudZG/rais_streaming_20876/download/1995/SC1995.7z,1,595365
1995,SE,ok,download_temp,/tmp/RtmpQRudZG/rais_streaming_20876/download/1995/SE1995.7z,1,108357
1995,SP,ok,download_temp,/tmp/RtmpQRudZG/rais_streaming_20876/download/1995/SP1995.7z,1,5344854
1995,TO,ok,download_temp,/tmp/RtmpQRudZG/rais_streaming_20876/download/1995/TO1995.7z,1,33820
1996,AC,ok,download_temp,/tmp/RtmpQRudZG/rais_streaming_20876/download/1996/AC1996.7z,1,25915
1996,AL,ok,download_temp,/tmp/RtmpQRudZG/rais_streaming_20876/download/1996/AL1996.7z,1,161592
1996,AM,ok,download_temp,/tmp/RtmpQRudZG/rais_streaming_20876/download/1996/AM1996.7z,1,141445
1996,AP,ok,download_temp,/tmp/RtmpQRudZG/rais_streaming_20876/download/1996/AP1996.7z,1,22838
1996,BA,ok,download_temp,/tmp/RtmpQRudZG/rais_streaming_20876/download/1996/BA1996.7z,1,617724
1996,CE,ok,download_temp,/tmp/RtmpQRudZG/rais_streaming_20876/download/1996/CE1996.7z,1,353615
1996,DF,ok,download_temp,/tmp/RtmpQRudZG/rais_streaming_20876/download/1996/DF1996.7z,1,337679
1996,ES,ok,download_temp,/tmp/RtmpQRudZG/rais_streaming_20876/download/1996/ES1996.7z,1,292130
1996,GO,ok,download_temp,/tmp/RtmpQRudZG/rais_streaming_20876/download/1996/GO1996.7z,1,336987
1996,MA,ok,download_temp,/tmp/RtmpQRudZG/rais_streaming_20876/download/1996/MA1996.7z,1,138468
1996,MG,ok,download_temp,/tmp/RtmpQRudZG/rais_streaming_20876/download/1996/MG1996.7z,1,1753731
1996,MS,ok,download_temp,/tmp/RtmpQRudZG/rais_streaming_20876/download/1996/MS1996.7z,1,172380
1996,MT,ok,download_temp,/tmp/RtmpQRudZG/rais_streaming_20876/download/1996/MT1996.7z,1,169345
1996,PA,ok,download_temp,/tmp/RtmpQRudZG/rais_streaming_20876/download/1996/PA1996.7z,1,251130
1996,PB,ok,download_temp,/tmp/RtmpQRudZG/rais_streaming_20876/download/1996/PB1996.7z,1,160064
1996,PE,ok,download_temp,/tmp/RtmpQRudZG/rais_streaming_20876/download/1996/PE1996.7z,1,535970
1996,PI,ok,download_temp,/tmp/RtmpQRudZG/rais_streaming_20876/download/1996/PI1996.7z,1,101225
1996,PR,ok,download_temp,/tmp/RtmpQRudZG/rais_streaming_20876/download/1996/PR1996.7z,1,953720
1996,RJ,ok,download_temp,/tmp/RtmpQRudZG/rais_streaming_20876/download/1996/RJ1996.7z,1,1870408
1996,RN,ok,download_temp,/tmp/RtmpQRudZG/rais_streaming_20876/download/1996/RN1996.7z,1,164350
1996,RO,ok,download_temp,/tmp/RtmpQRudZG/rais_streaming_20876/download/1996/RO1996.7z,1,63651
1996,RR,ok,download_temp,/tmp/RtmpQRudZG/rais_streaming_20876/download/1996/RR1996.7z,1,13434
1996,RS,ok,download_temp,/tmp/RtmpQRudZG/rais_streaming_20876/download/1996/RS1996.7z,1,1067217
1996,SC,falhou_arquivo,download_temp,,0,0
1996,SE,falhou_arquivo,download_temp,,0,0
1996,SP,ok,download_temp,/tmp/RtmpQRudZG/rais_streaming_20876/download/1996/SP1996.7z,1,5115802
1996,TO,ok,download_temp,/tmp/RtmpQRudZG/rais_streaming_20876/download/1996/TO1996.7z,1,43065
1997,AC,ok,download_temp,/tmp/RtmpQRudZG/rais_streaming_20876/download/1997/AC1997.7z,1,25936
1997,AL,ok,download_temp,/tmp/RtmpQRudZG/rais_streaming_20876/download/1997/AL1997.7z,1,159501
1997,AM,ok,download_temp,/tmp/RtmpQRudZG/rais_streaming_20876/download/1997/AM1997.7z,1,145775
1997,AP,ok,download_temp,/tmp/RtmpQRudZG/rais_streaming_20876/download/1997/AP1997.7z,1,23823
1997,BA,falhou_arquivo,download_temp,,0,0
1997,CE,ok,download_temp,/tmp/RtmpQRudZG/rais_streaming_20876/download/1997/CE1997.7z,1,364926
1997,DF,ok,download_temp,/tmp/RtmpQRudZG/rais_streaming_20876/download/1997/DF1997.7z,1,363425
1997,ES,ok,download_temp,/tmp/RtmpQRudZG/rais_streaming_20876/download/1997/ES1997.7z,1,299901
1997,GO,ok,download_temp,/tmp/RtmpQRudZG/rais_streaming_20876/download/1997/GO1997.7z,1,361355
1997,MA,ok,download_temp,/tmp/RtmpQRudZG/rais_streaming_20876/download/1997/MA1997.7z,1,152515
1997,MG,ok,download_temp,/tmp/RtmpQRudZG/rais_streaming_20876/download/1997/MG1997.7z,1,1792642
1997,MS,ok,download_temp,/tmp/RtmpQRudZG/rais_streaming_20876/download/1997/MS1997.7z,1,178481
1997,MT,ok,download_temp,/tmp/RtmpQRudZG/rais_streaming_20876/download/1997/MT1997.7z,1,186985
1997,PA,ok,download_temp,/tmp/RtmpQRudZG/rais_streaming_20876/download/1997/PA1997.7z,1,250316
1997,PB,ok,download_temp,/tmp/RtmpQRudZG/rais_streaming_20876/download/1997/PB1997.7z,1,172497
1997,PE,ok,download_temp,/tmp/RtmpQRudZG/rais_streaming_20876/download/1997/PE1997.7z,1,539361
1997,PI,falhou_arquivo,download_temp,,0,0
1997,PR,ok,download_temp,/tmp/RtmpQRudZG/rais_streaming_20876/download/1997/PR1997.7z,1,990885
1997,RJ,ok,download_temp,/tmp/RtmpQRudZG/rais_streaming_20876/download/1997/RJ1997.7z,1,1809948
1997,RN,ok,download_temp,/tmp/RtmpQRudZG/rais_streaming_20876/download/1997/RN1997.7z,1,158210
1997,RO,ok,download_temp,/tmp/RtmpQRudZG/rais_streaming_20876/download/1997/RO1997.7z,1,72558
1997,RR,ok,download_temp,/tmp/RtmpQRudZG/rais_streaming_20876/download/1997/RR1997.7z,1,12764
1997,RS,ok,download_temp,/tmp/RtmpQRudZG/rais_streaming_20876/download/1997/RS1997.7z,1,1089366
1997,SC,ok,download_temp,/tmp/RtmpQRudZG/rais_streaming_20876/download/1997/SC1997.7z,1,600310
1997,SE,ok,download_temp,/tmp/RtmpQRudZG/rais_streaming_20876/download/1997/SE1997.7z,1,116857
1997,SP,ok,download_temp,/tmp/RtmpQRudZG/rais_streaming_20876/download/1997/SP1997.7z,1,5090433
1997,TO,ok,download_temp,/tmp/RtmpQRudZG/rais_streaming_20876/download/1997/TO1997.7z,1,44424
1998,AC,ok,download_temp,/tmp/RtmpQRudZG/rais_streaming_20876/download/1998/AC1998.7z,1,28307
1998,AL,ok,download_temp,/tmp/RtmpQRudZG/rais_streaming_20876/download/1998/AL1998.7z,1,158962
1998,AM,ok,download_temp,/tmp/RtmpQRudZG/rais_streaming_20876/download/1998/AM1998.7z,1,152404
1998,AP,ok,download_temp,/tmp/RtmpQRudZG/rais_streaming_20876/download/1998/AP1998.7z,1,25844
1998,BA,falhou_arquivo,download_temp,,0,0
1998,CE,falhou_arquivo,download_temp,,0,0
1998,DF,ok,download_temp,/tmp/RtmpQRudZG/rais_streaming_20876/download/1998/DF1998.7z,1,398491
1998,ES,ok,download_temp,/tmp/RtmpQRudZG/rais_streaming_20876/download/1998/ES1998.7z,1,297798
1998,GO,ok,download_temp,/tmp/RtmpQRudZG/rais_streaming_20876/download/1998/GO1998.7z,1,379125
1998,MA,ok,download_temp,/tmp/RtmpQRudZG/rais_streaming_20876/download/1998/MA1998.7z,1,159657
1998,MG,ok,download_temp,/tmp/RtmpQRudZG/rais_streaming_20876/download/1998/MG1998.7z,1,1858671
1998,MS,ok,download_temp,/tmp/RtmpQRudZG/rais_streaming_20876/download/1998/MS1998.7z,1,189142
1998,MT,ok,download_temp,/tmp/RtmpQRudZG/rais_streaming_20876/download/1998/MT1998.7z,1,206632
1998,PA,ok,download_temp,/tmp/RtmpQRudZG/rais_streaming_20876/download/1998/PA1998.7z,1,272969
1998,PB,ok,download_temp,/tmp/RtmpQRudZG/rais_streaming_20876/download/1998/PB1998.7z,1,181246
1998,PE,ok,download_temp,/tmp/RtmpQRudZG/rais_streaming_20876/download/1998/PE1998.7z,1,531196
1998,PI,ok,download_temp,/tmp/RtmpQRudZG/rais_streaming_20876/download/1998/PI1998.7z,1,107873
1998,PR,ok,download_temp,/tmp/RtmpQRudZG/rais_streaming_20876/download/1998/PR1998.7z,1,1014433
1998,RJ,ok,download_temp,/tmp/RtmpQRudZG/rais_streaming_20876/download/1998/RJ1998.7z,1,1801981
1998,RN,ok,download_temp,/tmp/RtmpQRudZG/rais_streaming_20876/download/1998/RN1998.7z,1,169548
1998,RO,ok,download_temp,/tmp/RtmpQRudZG/rais_streaming_20876/download/1998/RO1998.7z,1,80188
1998,RR,ok,download_temp,/tmp/RtmpQRudZG/rais_streaming_20876/download/1998/RR1998.7z,1,15539
1998,RS,ok,download_temp,/tmp/RtmpQRudZG/rais_streaming_20876/download/1998/RS1998.7z,1,1093395
1998,SC,ok,download_temp,/tmp/RtmpQRudZG/rais_streaming_20876/download/1998/SC1998.7z,1,604325
1998,SE,ok,download_temp,/tmp/RtmpQRudZG/rais_streaming_20876/download/1998/SE1998.7z,1,121976
1998,SP,ok,download_temp,/tmp/RtmpQRudZG/rais_streaming_20876/download/1998/SP1998.7z,1,4987308
1998,TO,ok,download_temp,/tmp/RtmpQRudZG/rais_streaming_20876/download/1998/TO1998.7z,1,54235
1999,AC,ok,download_temp,/tmp/RtmpQRudZG/rais_streaming_20876/download/1999/AC1999.7z,1,27618
1999,AL,ok,download_temp,/tmp/RtmpQRudZG/rais_streaming_20876/download/1999/AL1999.7z,1,156790
1999,AM,ok,download_temp,/tmp/RtmpQRudZG/rais_streaming_20876/download/1999/AM1999.7z,1,147206
1999,AP,ok,download_temp,/tmp/RtmpQRudZG/rais_streaming_20876/download/1999/AP1999.7z,1,27688
1999,BA,ok,download_temp,/tmp/RtmpQRudZG/rais_streaming_20876/download/1999/BA1999.7z,1,679327
1999,CE,ok,download_temp,/tmp/RtmpQRudZG/rais_streaming_20876/download/1999/CE1999.7z,1,372625
1999,DF,ok,download_temp,/tmp/RtmpQRudZG/rais_streaming_20876/download/1999/DF1999.7z,1,412998
1999,ES,ok,download_temp,/tmp/RtmpQRudZG/rais_streaming_20876/download/1999/ES1999.7z,1,301633
1999,GO,ok,download_temp,/tmp/RtmpQRudZG/rais_streaming_20876/download/1999/GO1999.7z,1,383531
1999,MA,ok,download_temp,/tmp/RtmpQRudZG/rais_streaming_20876/download/1999/MA1999.7z,1,152557
1999,MG,ok,download_temp,/tmp/RtmpQRudZG/rais_streaming_20876/download/1999/MG1999.7z,1,1840984
1999,MS,ok,download_temp,/tmp/RtmpQRudZG/rais_streaming_20876/download/1999/MS1999.7z,1,195675
1999,MT,ok,download_temp,/tmp/RtmpQRudZG/rais_streaming_20876/download/1999/MT1999.7z,1,206122
1999,PA,ok,download_temp,/tmp/RtmpQRudZG/rais_streaming_20876/download/1999/PA1999.7z,1,285868
1999,PB,ok,download_temp,/tmp/RtmpQRudZG/rais_streaming_20876/download/1999/PB1999.7z,1,183203
1999,PE,ok,download_temp,/tmp/RtmpQRudZG/rais_streaming_20876/download/1999/PE1999.7z,1,545577
1999,PI,ok,download_temp,/tmp/RtmpQRudZG/rais_streaming_20876/download/1999/PI1999.7z,1,107252
1999,PR,ok,download_temp,/tmp/RtmpQRudZG/rais_streaming_20876/download/1999/PR1999.7z,1,1001785
1999,RJ,ok,download_temp,/tmp/RtmpQRudZG/rais_streaming_20876/download/1999/RJ1999.7z,1,1731485
1999,RN,ok,download_temp,/tmp/RtmpQRudZG/rais_streaming_20876/download/1999/RN1999.7z,1,171268
1999,RO,ok,download_temp,/tmp/RtmpQRudZG/rais_streaming_20876/download/1999/RO1999.7z,1,81897
1999,RR,ok,download_temp,/tmp/RtmpQRudZG/rais_streaming_20876/download/1999/RR1999.7z,1,13783
1999,RS,ok,download_temp,/tmp/RtmpQRudZG/rais_streaming_20876/download/1999/RS1999.7z,1,1088729
1999,SC,ok,download_temp,/tmp/RtmpQRudZG/rais_streaming_20876/download/1999/SC1999.7z,1,629502
1999,SE,ok,download_temp,/tmp/RtmpQRudZG/rais_streaming_20876/download/1999/SE1999.7z,1,119530
1999,SP,ok,download_temp,/tmp/RtmpQRudZG/rais_streaming_20876/download/1999/SP1999.7z,1,4991864
1999,TO,ok,download_temp,/tmp/RtmpQRudZG/rais_streaming_20876/download/1999/TO1999.7z,1,56701
2000,AC,ok,download_temp,/tmp/RtmpQRudZG/rais_streaming_20876/download/2000/AC2000.7z,1,30595
2000,AL,ok,download_temp,/tmp/RtmpQRudZG/rais_streaming_20876/download/2000/AL2000.7z,1,171464
2000,AM,ok,download_temp,/tmp/RtmpQRudZG/rais_streaming_20876/download/2000/AM2000.7z,1,153306
2000,AP,ok,download_temp,/tmp/RtmpQRudZG/rais_streaming_20876/download/2000/AP2000.7z,1,28607
2000,BA,ok,download_temp,/tmp/RtmpQRudZG/rais_streaming_20876/download/2000/BA2000.7z,1,729869
2000,CE,ok,download_temp,/tmp/RtmpQRudZG/rais_streaming_20876/download/2000/CE2000.7z,1,392863
2000,DF,ok,download_temp,/tmp/RtmpQRudZG/rais_streaming_20876/download/2000/DF2000.7z,1,455328
2000,ES,ok,download_temp,/tmp/RtmpQRudZG/rais_streaming_20876/download/2000/ES2000.7z,1,328080
2000,GO,ok,download_temp,/tmp/RtmpQRudZG/rais_streaming_20876/download/2000/GO2000.7z,1,424928
2000,MA,ok,download_temp,/tmp/RtmpQRudZG/rais_streaming_20876/download/2000/MA2000.7z,1,160284
2000,MG,ok,download_temp,/tmp/RtmpQRudZG/rais_streaming_20876/download/2000/MG2000.7z,1,1922822
2000,MS,ok,download_temp,/tmp/RtmpQRudZG/rais_streaming_20876/download/2000/MS2000.7z,1,205178
2000,MT,ok,download_temp,/tmp/RtmpQRudZG/rais_streaming_20876/download/2000/MT2000.7z,1,230279
2000,PA,ok,download_temp,/tmp/RtmpQRudZG/rais_streaming_20876/download/2000/PA2000.7z,1,306322
2000,PB,ok,download_temp,/tmp/RtmpQRudZG/rais_streaming_20876/download/2000/PB2000.7z,1,184219
2000,PE,ok,download_temp,/tmp/RtmpQRudZG/rais_streaming_20876/download/2000/PE2000.7z,1,545258
2000,PI,falhou_arquivo,download_temp,,0,0
2000,PR,falhou_arquivo,download_temp,,0,0
2000,RJ,ok,download_temp,/tmp/RtmpQRudZG/rais_streaming_20876/download/2000/RJ2000.7z,1,1765932
2000,RN,ok,download_temp,/tmp/RtmpQRudZG/rais_streaming_20876/download/2000/RN2000.7z,1,178439
2000,RO,ok,download_temp,/tmp/RtmpQRudZG/rais_streaming_20876/download/2000/RO2000.7z,1,91715
2000,RR,ok,download_temp,/tmp/RtmpQRudZG/rais_streaming_20876/download/2000/RR2000.7z,1,12649
2000,RS,ok,download_temp,/tmp/RtmpQRudZG/rais_streaming_20876/download/2000/RS2000.7z,1,1144792
2000,SC,ok,download_temp,/tmp/RtmpQRudZG/rais_streaming_20876/download/2000/SC2000.7z,1,682103
2000,SE,ok,download_temp,/tmp/RtmpQRudZG/rais_streaming_20876/download/2000/SE2000.7z,1,123793
2000,SP,ok,download_temp,/tmp/RtmpQRudZG/rais_streaming_20876/download/2000/SP2000.7z,1,5247444
2000,TO,ok,download_temp,/tmp/RtmpQRudZG/rais_streaming_20876/download/2000/TO2000.7z,1,66680
2001,AC,ok,download_temp,/tmp/RtmpQRudZG/rais_streaming_20876/download/2001/AC2001.7z,1,33570
2001,AL,ok,download_temp,/tmp/RtmpQRudZG/rais_streaming_20876/download/2001/AL2001.7z,1,196019
2001,AM,ok,download_temp,/tmp/RtmpQRudZG/rais_streaming_20876/download/2001/AM2001.7z,1,144667
2001,AP,ok,download_temp,/tmp/RtmpQRudZG/rais_streaming_20876/download/2001/AP2001.7z,1,28650
2001,BA,ok,download_temp,/tmp/RtmpQRudZG/rais_streaming_20876/download/2001/BA2001.7z,1,771468
2001,CE,ok,download_temp,/tmp/RtmpQRudZG/rais_streaming_20876/download/2001/CE2001.7z,1,425320
2001,DF,ok,download_temp,/tmp/RtmpQRudZG/rais_streaming_20876/download/2001/DF2001.7z,1,472164
2001,ES,ok,download_temp,/tmp/RtmpQRudZG/rais_streaming_20876/download/2001/ES2001.7z,1,355009
2001,GO,ok,download_temp,/tmp/RtmpQRudZG/rais_streaming_20876/download/2001/GO2001.7z,1,465503
2001,MA,falhou_arquivo,download_temp,,0,0
2001,MG,ok,download_temp,/tmp/RtmpQRudZG/rais_streaming_20876/download/2001/MG2001.7z,1,1981538
2001,MS,ok,download_temp,/tmp/RtmpQRudZG/rais_streaming_20876/download/2001/MS2001.7z,1,218223
2001,MT,ok,download_temp,/tmp/RtmpQRudZG/rais_streaming_20876/download/2001/MT2001.7z,1,254884
2001,PA,ok,download_temp,/tmp/RtmpQRudZG/rais_streaming_20876/download/2001/PA2001.7z,1,335260
2001,PB,ok,download_temp,/tmp/RtmpQRudZG/rais_streaming_20876/download/2001/PB2001.7z,1,196880
2001,PE,ok,download_temp,/tmp/RtmpQRudZG/rais_streaming_20876/download/2001/PE2001.7z,1,594617
2001,PI,ok,download_temp,/tmp/RtmpQRudZG/rais_streaming_20876/download/2001/PI2001.7z,1,120304
2001,PR,ok,download_temp,/tmp/RtmpQRudZG/rais_streaming_20876/download/2001/PR2001.7z,1,1114108
2001,RJ,ok,download_temp,/tmp/RtmpQRudZG/rais_streaming_20876/download/2001/RJ2001.7z,1,1837153
2001,RN,ok,download_temp,/tmp/RtmpQRudZG/rais_streaming_20876/download/2001/RN2001.7z,1,206150
2001,RO,ok,download_temp,/tmp/RtmpQRudZG/rais_streaming_20876/download/2001/RO2001.7z,1,94341
2001,RR,ok,download_temp,/tmp/RtmpQRudZG/rais_streaming_20876/download/2001/RR2001.7z,1,15393
2001,RS,ok,download_temp,/tmp/RtmpQRudZG/rais_streaming_20876/download/2001/RS2001.7z,1,1190615
2001,SC,ok,download_temp,/tmp/RtmpQRudZG/rais_streaming_20876/download/2001/SC2001.7z,1,730195
2001,SE,ok,download_temp,/tmp/RtmpQRudZG/rais_streaming_20876/download/2001/SE2001.7z,1,133634
2001,SP,ok,download_temp,/tmp/RtmpQRudZG/rais_streaming_20876/download/2001/SP2001.7z,1,5471896
2001,TO,ok,download_temp,/tmp/RtmpQRudZG/rais_streaming_20876/download/2001/TO2001.7z,1,71497
2002,AC,ok,download_temp,/tmp/RtmpQRudZG/rais_streaming_20876/download/2002/AC2002.7z,1,35921
2002,AL,ok,download_temp,/tmp/RtmpQRudZG/rais_streaming_20876/download/2002/AL2002.7z,1,204501
2002,AM,ok,download_temp,/tmp/RtmpQRudZG/rais_streaming_20876/download/2002/AM2002.7z,1,186146
2002,AP,ok,download_temp,/tmp/RtmpQRudZG/rais_streaming_20876/download/2002/AP2002.7z,1,33174
2002,BA,ok,download_temp,/tmp/RtmpQRudZG/rais_streaming_20876/download/2002/BA2002.7z,1,818633
2002,CE,ok,download_temp,/tmp/RtmpQRudZG/rais_streaming_20876/download/2002/CE2002.7z,1,451133
2002,DF,ok,download_temp,/tmp/RtmpQRudZG/rais_streaming_20876/download/2002/DF2002.7z,1,488079
2002,ES,ok,download_temp,/tmp/RtmpQRudZG/rais_streaming_20876/download/2002/ES2002.7z,1,379934
2002,GO,ok,download_temp,/tmp/RtmpQRudZG/rais_streaming_20876/download/2002/GO2002.7z,1,498776
2002,MA,ok,download_temp,/tmp/RtmpQRudZG/rais_streaming_20876/download/2002/MA2002.7z,1,186042
2002,MG,ok,download_temp,/tmp/RtmpQRudZG/rais_streaming_20876/download/2002/MG2002.7z,1,2054760
2002,MS,ok,download_temp,/tmp/RtmpQRudZG/rais_streaming_20876/download/2002/MS2002.7z,1,238904
2002,MT,ok,download_temp,/tmp/RtmpQRudZG/rais_streaming_20876/download/2002/MT2002.7z,1,285347
2002,PA,ok,download_temp,/tmp/RtmpQRudZG/rais_streaming_20876/download/2002/PA2002.7z,1,366282
2002,PB,ok,download_temp,/tmp/RtmpQRudZG/rais_streaming_20876/download/2002/PB2002.7z,1,204654
2002,PE,ok,download_temp,/tmp/RtmpQRudZG/rais_streaming_20876/download/2002/PE2002.7z,1,614016
2002,PI,ok,download_temp,/tmp/RtmpQRudZG/rais_streaming_20876/download/2002/PI2002.7z,1,124252
2002,PR,ok,download_temp,/tmp/RtmpQRudZG/rais_streaming_20876/download/2002/PR2002.7z,1,1135739
2002,RJ,ok,download_temp,/tmp/RtmpQRudZG/rais_streaming_20876/download/2002/RJ2002.7z,1,1896915
2002,RN,ok,download_temp,/tmp/RtmpQRudZG/rais_streaming_20876/download/2002/RN2002.7z,1,192789
2002,RO,ok,download_temp,/tmp/RtmpQRudZG/rais_streaming_20876/download/2002/RO2002.7z,1,102591
2002,RR,ok,download_temp,/tmp/RtmpQRudZG/rais_streaming_20876/download/2002/RR2002.7z,1,15902
2002,RS,ok,download_temp,/tmp/RtmpQRudZG/rais_streaming_20876/download/2002/RS2002.7z,1,1205115
2002,SC,ok,download_temp,/tmp/RtmpQRudZG/rais_streaming_20876/download/2002/SC2002.7z,1,769250
2002,SE,ok,download_temp,/tmp/RtmpQRudZG/rais_streaming_20876/download/2002/SE2002.7z,1,144021
2002,SP,ok,download_temp,/tmp/RtmpQRudZG/rais_streaming_20876/download/2002/SP2002.7z,1,5629916
2002,TO,ok,download_temp,/tmp/RtmpQRudZG/rais_streaming_20876/download/2002/TO2002.7z,1,79223
2003,AC,ok,download_temp,/tmp/RtmpQRudZG/rais_streaming_20876/download/2003/AC2003.7z,1,35299
2003,AL,ok,download_temp,/tmp/RtmpQRudZG/rais_streaming_20876/download/2003/AL2003.7z,1,208666
2003,AM,ok,download_temp,/tmp/RtmpQRudZG/rais_streaming_20876/download/2003/AM2003.7z,1,233797
2003,AP,ok,download_temp,/tmp/RtmpQRudZG/rais_streaming_20876/download/2003/AP2003.7z,1,37180
2003,BA,ok,download_temp,/tmp/RtmpQRudZG/rais_streaming_20876/download/2003/BA2003.7z,1,857474
2003,CE,ok,download_temp,/tmp/RtmpQRudZG/rais_streaming_20876/download/2003/CE2003.7z,1,472753
2003,DF,ok,download_temp,/tmp/RtmpQRudZG/rais_streaming_20876/download/2003/DF2003.7z,1,484051
2003,ES,ok,download_temp,/tmp/RtmpQRudZG/rais_streaming_20876/download/2003/ES2003.7z,1,392146
2003,GO,ok,download_temp,/tmp/RtmpQRudZG/rais_streaming_20876/download/2003/GO2003.7z,1,521310
2003,MA,ok,download_temp,/tmp/RtmpQRudZG/rais_streaming_20876/download/2003/MA2003.7z,1,196787
2003,MG,ok,download_temp,/tmp/RtmpQRudZG/rais_streaming_20876/download/2003/MG2003.7z,1,2111112
2003,MS,ok,download_temp,/tmp/RtmpQRudZG/rais_streaming_20876/download/2003/MS2003.7z,1,249379
2003,MT,ok,download_temp,/tmp/RtmpQRudZG/rais_streaming_20876/download/2003/MT2003.7z,1,308401
2003,PA,ok,download_temp,/tmp/RtmpQRudZG/rais_streaming_20876/download/2003/PA2003.7z,1,391717
2003,PB,ok,download_temp,/tmp/RtmpQRudZG/rais_streaming_20876/download/2003/PB2003.7z,1,211749
2003,PE,ok,download_temp,/tmp/RtmpQRudZG/rais_streaming_20876/download/2003/PE2003.7z,1,634477
2003,PI,ok,download_temp,/tmp/RtmpQRudZG/rais_streaming_20876/download/2003/PI2003.7z,1,131326
2003,PR,ok,download_temp,/tmp/RtmpQRudZG/rais_streaming_20876/download/2003/PR2003.7z,1,1184340
2003,RJ,ok,download_temp,/tmp/RtmpQRudZG/rais_streaming_20876/download/2003/RJ2003.7z,1,1907751
2003,RN,ok,download_temp,/tmp/RtmpQRudZG/rais_streaming_20876/download/2003/RN2003.7z,1,227055
2003,RO,ok,download_temp,/tmp/RtmpQRudZG/rais_streaming_20876/download/2003/RO2003.7z,1,108094
2003,RR,ok,download_temp,/tmp/RtmpQRudZG/rais_streaming_20876/download/2003/RR2003.7z,1,15251
2003,RS,ok,download_temp,/tmp/RtmpQRudZG/rais_streaming_20876/download/2003/RS2003.7z,1,1246974
2003,SC,falhou_arquivo,download_temp,,0,0
2003,SE,falhou_arquivo,download_temp,,0,0
2003,SP,ok,download_temp,/tmp/RtmpQRudZG/rais_streaming_20876/download/2003/SP2003.7z,1,5646075
2003,TO,ok,download_temp,/tmp/RtmpQRudZG/rais_streaming_20876/download/2003/TO2003.7z,1,85689
2004,AC,ok,download_temp,/tmp/RtmpQRudZG/rais_streaming_20876/download/2004/AC2004.7z,1,38237
2004,AL,ok,download_temp,/tmp/RtmpQRudZG/rais_streaming_20876/download/2004/AL2004.7z,1,235495
2004,AM,ok,download_temp,/tmp/RtmpQRudZG/rais_streaming_20876/download/2004/AM2004.7z,1,262569
2004,AP,ok,download_temp,/tmp/RtmpQRudZG/rais_streaming_20876/download/2004/AP2004.7z,1,40537
2004,BA,ok,download_temp,/tmp/RtmpQRudZG/rais_streaming_20876/download/2004/BA2004.7z,1,915088
2004,CE,ok,download_temp,/tmp/RtmpQRudZG/rais_streaming_20876/download/2004/CE2004.7z,1,474878
2004,DF,ok,download_temp,/tmp/RtmpQRudZG/rais_streaming_20876/download/2004/DF2004.7z,1,505427
2004,ES,ok,download_temp,/tmp/RtmpQRudZG/rais_streaming_20876/download/2004/ES2004.7z,1,409015
2004,GO,ok,download_temp,/tmp/RtmpQRudZG/rais_streaming_20876/download/2004/GO2004.7z,1,561032
2004,MA,falhou_arquivo,download_temp,,0,0
2004,MG,falhou_arquivo,download_temp,,0,0
2004,MS,ok,download_temp,/tmp/RtmpQRudZG/rais_streaming_20876/download/2004/MS2004.7z,1,269521
2004,MT,ok,download_temp,/tmp/RtmpQRudZG/rais_streaming_20876/download/2004/MT2004.7z,1,362973
2004,PA,ok,download_temp,/tmp/RtmpQRudZG/rais_streaming_20876/download/2004/PA2004.7z,1,425810
2004,PB,ok,download_temp,/tmp/RtmpQRudZG/rais_streaming_20876/download/2004/PB2004.7z,1,215199
2004,PE,ok,download_temp,/tmp/RtmpQRudZG/rais_streaming_20876/download/2004/PE2004.7z,1,659176
2004,PI,ok,download_temp,/tmp/RtmpQRudZG/rais_streaming_20876/download/2004/PI2004.7z,1,136453
2004,PR,ok,download_temp,/tmp/RtmpQRudZG/rais_streaming_20876/download/2004/PR2004.7z,1,1269208
2004,RJ,ok,download_temp,/tmp/RtmpQRudZG/rais_streaming_20876/download/2004/RJ2004.7z,1,1964544
2004,RN,ok,download_temp,/tmp/RtmpQRudZG/rais_streaming_20876/download/2004/RN2004.7z,1,245180
2004,RO,ok,download_temp,/tmp/RtmpQRudZG/rais_streaming_20876/download/2004/RO2004.7z,1,120271
2004,RR,ok,download_temp,/tmp/RtmpQRudZG/rais_streaming_20876/download/2004/RR2004.7z,1,14927
2004,RS,ok,download_temp,/tmp/RtmpQRudZG/rais_streaming_20876/download/2004/RS2004.7z,1,1318574
2004,SC,ok,download_temp,/tmp/RtmpQRudZG/rais_streaming_20876/download/2004/SC2004.7z,1,866188
2004,SE,falhou_arquivo,download_temp,,0,0
2004,SP,ok,download_temp,/tmp/RtmpQRudZG/rais_streaming_20876/download/2004/SP2004.7z,1,5911699
2004,TO,ok,download_temp,/tmp/RtmpQRudZG/rais_streaming_20876/download/2004/TO2004.7z,1,94906
2005,AC,ok,download_temp,/tmp/RtmpQRudZG/rais_streaming_20876/download/2005/AC2005.7z,1,42315
2005,AL,falhou_arquivo,download_temp,,0,0
2005,AM,ok,download_temp,/tmp/RtmpQRudZG/rais_streaming_20876/download/2005/AM2005.7z,1,290169
2005,AP,ok,download_temp,/tmp/RtmpQRudZG/rais_streaming_20876/download/2005/AP2005.7z,1,44039
2005,BA,ok,download_temp,/tmp/RtmpQRudZG/rais_streaming_20876/download/2005/BA2005.7z,1,1011581
2005,CE,ok,download_temp,/tmp/RtmpQRudZG/rais_streaming_20876/download/2005/CE2005.7z,1,509473
2005,DF,ok,download_temp,/tmp/RtmpQRudZG/rais_streaming_20876/download/2005/DF2005.7z,1,524495
2005,ES,falhou_arquivo,download_temp,,0,0
2005,GO,ok,download_temp,/tmp/RtmpQRudZG/rais_streaming_20876/download/2005/GO2005.7z,1,596596
2005,MA,ok,download_temp,/tmp/RtmpQRudZG/rais_streaming_20876/download/2005/MA2005.7z,1,233062
2005,MG,ok,download_temp,/tmp/RtmpQRudZG/rais_streaming_20876/download/2005/MG2005.7z,1,2391517
2005,MS,ok,download_temp,/tmp/RtmpQRudZG/rais_streaming_20876/download/2005/MS2005.7z,1,286875
2005,MT,ok,download_temp,/tmp/RtmpQRudZG/rais_streaming_20876/download/2005/MT2005.7z,1,373272
2005,PA,ok,download_temp,/tmp/RtmpQRudZG/rais_streaming_20876/download/2005/PA2005.7z,1,462449
2005,PB,ok,download_temp,/tmp/RtmpQRudZG/rais_streaming_20876/download/2005/PB2005.7z,1,230177
2005,PE,ok,download_temp,/tmp/RtmpQRudZG/rais_streaming_20876/download/2005/PE2005.7z,1,700890
2005,PI,ok,download_temp,/tmp/RtmpQRudZG/rais_streaming_20876/download/2005/PI2005.7z,1,145274
2005,PR,ok,download_temp,/tmp/RtmpQRudZG/rais_streaming_20876/download/2005/PR2005.7z,1,1321421
2005,RJ,ok,download_temp,/tmp/RtmpQRudZG/rais_streaming_20876/download/2005/RJ2005.7z,1,2021737
2005,RN,ok,download_temp,/tmp/RtmpQRudZG/rais_streaming_20876/download/2005/RN2005.7z,1,265302
2005,RO,ok,download_temp,/tmp/RtmpQRudZG/rais_streaming_20876/download/2005/RO2005.7z,1,126257
2005,RR,ok,download_temp,/tmp/RtmpQRudZG/rais_streaming_20876/download/2005/RR2005.7z,1,18959
2005,RS,ok,download_temp,/tmp/RtmpQRudZG/rais_streaming_20876/download/2005/RS2005.7z,1,1339029
2005,SC,ok,download_temp,/tmp/RtmpQRudZG/rais_streaming_20876/download/2005/SC2005.7z,1,911796
2005,SE,ok,download_temp,/tmp/RtmpQRudZG/rais_streaming_20876/download/2005/SE2005.7z,1,164456
2005,SP,falhou_arquivo,download_temp,,0,0
2005,TO,ok,download_temp,/tmp/RtmpQRudZG/rais_streaming_20876/download/2005/TO2005.7z,1,102524
2006,AC,ok,download_temp,/tmp/RtmpQRudZG/rais_streaming_20876/download/2006/AC2006.7z,1,48976
2006,AL,ok,download_temp,/tmp/RtmpQRudZG/rais_streaming_20876/download/2006/AL2006.7z,1,269350
2006,AM,ok,download_temp,/tmp/RtmpQRudZG/rais_streaming_20876/download/2006/AM2006.7z,1,271788
2006,AP,falhou_arquivo,download_temp,,0,0
2006,BA,ok,download_temp,/tmp/RtmpQRudZG/rais_streaming_20876/download/2006/BA2006.7z,1,1070590
2006,CE,ok,download_temp,/tmp/RtmpQRudZG/rais_streaming_20876/download/2006/CE2006.7z,1,557012
2006,DF,falhou_arquivo,download_temp,,0,0
2006,ES,falhou_arquivo,download_temp,,0,0
2006,GO,falhou_arquivo,download_temp,,0,0
2006,MA,ok,download_temp,/tmp/RtmpQRudZG/rais_streaming_20876/download/2006/MA2006.7z,1,251680
2006,MG,ok,download_temp,/tmp/RtmpQRudZG/rais_streaming_20876/download/2006/MG2006.7z,1,2560012
2006,MS,falhou_arquivo,download_temp,,0,0
2006,MT,ok,download_temp,/tmp/RtmpQRudZG/rais_streaming_20876/download/2006/MT2006.7z,1,380683
2006,PA,ok,download_temp,/tmp/RtmpQRudZG/rais_streaming_20876/download/2006/PA2006.7z,1,500341
2006,PB,ok,download_temp,/tmp/RtmpQRudZG/rais_streaming_20876/download/2006/PB2006.7z,1,248011
2006,PE,ok,download_temp,/tmp/RtmpQRudZG/rais_streaming_20876/download/2006/PE2006.7z,1,754917
2006,PI,ok,download_temp,/tmp/RtmpQRudZG/rais_streaming_20876/download/2006/PI2006.7z,1,155016
2006,PR,ok,download_temp,/tmp/RtmpQRudZG/rais_streaming_20876/download/2006/PR2006.7z,1,1383833
2006,RJ,ok,download_temp,/tmp/RtmpQRudZG/rais_streaming_20876/download/2006/RJ2006.7z,1,2126503
2006,RN,ok,download_temp,/tmp/RtmpQRudZG/rais_streaming_20876/download/2006/RN2006.7z,1,284891
2006,RO,ok,download_temp,/tmp/RtmpQRudZG/rais_streaming_20876/download/2006/RO2006.7z,1,132995
2006,RR,ok,download_temp,/tmp/RtmpQRudZG/rais_streaming_20876/download/2006/RR2006.7z,1,20669
2006,RS,ok,download_temp,/tmp/RtmpQRudZG/rais_streaming_20876/download/2006/RS2006.7z,1,1364965
2006,SC,ok,download_temp,/tmp/RtmpQRudZG/rais_streaming_20876/download/2006/SC2006.7z,1,971200
2006,SE,ok,download_temp,/tmp/RtmpQRudZG/rais_streaming_20876/download/2006/SE2006.7z,1,184914
2006,SP,falhou_arquivo,download_temp,,0,0
2006,TO,ok,download_temp,/tmp/RtmpQRudZG/rais_streaming_20876/download/2006/TO2006.7z,1,107095
2007,AC,ok,download_temp,/tmp/RtmpQRudZG/rais_streaming_20876/download/2007/AC2007.7z,1,51085
2007,AL,ok,download_temp,/tmp/RtmpQRudZG/rais_streaming_20876/download/2007/AL2007.7z,1,278093
2007,AM,ok,download_temp,/tmp/RtmpQRudZG/rais_streaming_20876/download/2007/AM2007.7z,1,303528
2007,AP,ok,download_temp,/tmp/RtmpQRudZG/rais_streaming_20876/download/2007/AP2007.7z,1,53150
2007,BA,ok,download_temp,/tmp/RtmpQRudZG/rais_streaming_20876/download/2007/BA2007.7z,1,1133647
2007,CE,ok,download_temp,/tmp/RtmpQRudZG/rais_streaming_20876/download/2007/CE2007.7z,1,603048
2007,DF,ok,download_temp,/tmp/RtmpQRudZG/rais_streaming_20876/download/2007/DF2007.7z,1,584452
2007,ES,ok,download_temp,/tmp/RtmpQRudZG/rais_streaming_20876/download/2007/ES2007.7z,1,513748
2007,GO,ok,download_temp,/tmp/RtmpQRudZG/rais_streaming_20876/download/2007/GO2007.7z,1,707882
2007,MA,ok,download_temp,/tmp/RtmpQRudZG/rais_streaming_20876/download/2007/MA2007.7z,1,290878
2007,MG,ok,download_temp,/tmp/RtmpQRudZG/rais_streaming_20876/download/2007/MG2007.7z,1,2707896
2007,MS,ok,download_temp,/tmp/RtmpQRudZG/rais_streaming_20876/download/2007/MS2007.7z,1,345281
2007,MT,ok,download_temp,/tmp/RtmpQRudZG/rais_streaming_20876/download/2007/MT2007.7z,1,426214
2007,PA,ok,download_temp,/tmp/RtmpQRudZG/rais_streaming_20876/download/2007/PA2007.7z,1,541523
2007,PB,ok,download_temp,/tmp/RtmpQRudZG/rais_streaming_20876/download/2007/PB2007.7z,1,266286
2007,PE,ok,download_temp,/tmp/RtmpQRudZG/rais_streaming_20876/download/2007/PE2007.7z,1,795543
2007,PI,ok,download_temp,/tmp/RtmpQRudZG/rais_streaming_20876/download/2007/PI2007.7z,1,165906
2007,PR,ok,download_temp,/tmp/RtmpQRudZG/rais_streaming_20876/download/2007/PR2007.7z,1,1489660
2007,RJ,ok,download_temp,/tmp/RtmpQRudZG/rais_streaming_20876/download/2007/RJ2007.7z,1,2280697
2007,RN,ok,download_temp,/tmp/RtmpQRudZG/rais_streaming_20876/download/2007/RN2007.7z,1,297191
2007,RO,ok,download_temp,/tmp/RtmpQRudZG/rais_streaming_20876/download/2007/RO2007.7z,1,144349
2007,RR,ok,download_temp,/tmp/RtmpQRudZG/rais_streaming_20876/download/2007/RR2007.7z,1,25226
2007,RS,falhou_arquivo,download_temp,,0,0
2007,SC,falhou_arquivo,download_temp,,0,0
2007,SE,ok,download_temp,/tmp/RtmpQRudZG/rais_streaming_20876/download/2007/SE2007.7z,1,195951
2007,SP,falhou_arquivo,download_temp,,0,0
2007,TO,ok,download_temp,/tmp/RtmpQRudZG/rais_streaming_20876/download/2007/TO2007.7z,1,120403
2008,AC,ok,download_temp,/tmp/RtmpQRudZG/rais_streaming_20876/download/2008/AC2008.7z,1,58186
2008,AL,ok,download_temp,/tmp/RtmpQRudZG/rais_streaming_20876/download/2008/AL2008.7z,1,292384
2008,AM,ok,download_temp,/tmp/RtmpQRudZG/rais_streaming_20876/download/2008/AM2008.7z,1,341840
2008,AP,ok,download_temp,/tmp/RtmpQRudZG/rais_streaming_20876/download/2008/AP2008.7z,1,57959
2008,BA,ok,download_temp,/tmp/RtmpQRudZG/rais_streaming_20876/download/2008/BA2008.7z,1,1230889
2008,CE,ok,download_temp,/tmp/RtmpQRudZG/rais_streaming_20876/download/2008/CE2008.7z,1,664604
2008,DF,ok,download_temp,/tmp/RtmpQRudZG/rais_streaming_20876/download/2008/DF2008.7z,1,617625
2008,ES,ok,download_temp,/tmp/RtmpQRudZG/rais_streaming_20876/download/2008/ES2008.7z,1,552558
2008,GO,ok,download_temp,/tmp/RtmpQRudZG/rais_streaming_20876/download/2008/GO2008.7z,1,791280
2008,MA,ok,download_temp,/tmp/RtmpQRudZG/rais_streaming_20876/download/2008/MA2008.7z,1,331501
2008,MG,ok,download_temp,/tmp/RtmpQRudZG/rais_streaming_20876/download/2008/MG2008.7z,1,2932395
2008,MS,ok,download_temp,/tmp/RtmpQRudZG/rais_streaming_20876/download/2008/MS2008.7z,1,369912
2008,MT,ok,download_temp,/tmp/RtmpQRudZG/rais_streaming_20876/download/2008/MT2008.7z,1,474106
2008,PA,ok,download_temp,/tmp/RtmpQRudZG/rais_streaming_20876/download/2008/PA2008.7z,1,590014
2008,PB,ok,download_temp,/tmp/RtmpQRudZG/rais_streaming_20876/download/2008/PB2008.7z,1,301584
2008,PE,ok,download_temp,/tmp/RtmpQRudZG/rais_streaming_20876/download/2008/PE2008.7z,1,862606
2008,PI,ok,download_temp,/tmp/RtmpQRudZG/rais_streaming_20876/download/2008/PI2008.7z,1,188887
2008,PR,falhou_arquivo,download_temp,,0,0
2008,RJ,ok,download_temp,/tmp/RtmpQRudZG/rais_streaming_20876/download/2008/RJ2008.7z,1,2418409
2008,RN,ok,download_temp,/tmp/RtmpQRudZG/rais_streaming_20876/download/2008/RN2008.7z,1,323866
2008,RO,ok,download_temp,/tmp/RtmpQRudZG/rais_streaming_20876/download/2008/RO2008.7z,1,163850
2008,RR,ok,download_temp,/tmp/RtmpQRudZG/rais_streaming_20876/download/2008/RR2008.7z,1,30495
2008,RS,ok,download_temp,/tmp/RtmpQRudZG/rais_streaming_20876/download/2008/RS2008.7z,1,1560206
2008,SC,falhou_arquivo,download_temp,,0,0
2008,SE,falhou_arquivo,download_temp,,0,0
2008,SP,falhou_arquivo,download_temp,,0,0
2008,TO,ok,download_temp,/tmp/RtmpQRudZG/rais_streaming_20876/download/2008/TO2008.7z,1,132747
2009,AC,ok,download_temp,/tmp/RtmpQRudZG/rais_streaming_20876/download/2009/AC2009.7z,1,63166
2009,AL,ok,download_temp,/tmp/RtmpQRudZG/rais_streaming_20876/download/2009/AL2009.7z,1,306154
2009,AM,ok,download_temp,/tmp/RtmpQRudZG/rais_streaming_20876/download/2009/AM2009.7z,1,338534
2009,AP,ok,download_temp,/tmp/RtmpQRudZG/rais_streaming_20876/download/2009/AP2009.7z,1,60925
2009,BA,ok,download_temp,/tmp/RtmpQRudZG/rais_streaming_20876/download/2009/BA2009.7z,1,1295120
2009,CE,ok,download_temp,/tmp/RtmpQRudZG/rais_streaming_20876/download/2009/CE2009.7z,1,713923
2009,DF,ok,download_temp,/tmp/RtmpQRudZG/rais_streaming_20876/download/2009/DF2009.7z,1,661963
2009,ES,ok,download_temp,/tmp/RtmpQRudZG/rais_streaming_20876/download/2009/ES2009.7z,1,550129
2009,GO,ok,download_temp,/tmp/RtmpQRudZG/rais_streaming_20876/download/2009/GO2009.7z,1,820633
2009,MA,ok,download_temp,/tmp/RtmpQRudZG/rais_streaming_20876/download/2009/MA2009.7z,1,346711
2009,MG,ok,download_temp,/tmp/RtmpQRudZG/rais_streaming_20876/download/2009/MG2009.7z,1,2935761
2009,MS,ok,download_temp,/tmp/RtmpQRudZG/rais_streaming_20876/download/2009/MS2009.7z,1,364726
2009,MT,ok,download_temp,/tmp/RtmpQRudZG/rais_streaming_20876/download/2009/MT2009.7z,1,489543
2009,PA,ok,download_temp,/tmp/RtmpQRudZG/rais_streaming_20876/download/2009/PA2009.7z,1,583304
2009,PB,ok,download_temp,/tmp/RtmpQRudZG/rais_streaming_20876/download/2009/PB2009.7z,1,309894
2009,PE,ok,download_temp,/tmp/RtmpQRudZG/rais_streaming_20876/download/2009/PE2009.7z,1,917354
2009,PI,ok,download_temp,/tmp/RtmpQRudZG/rais_streaming_20876/download/2009/PI2009.7z,1,202843
2009,PR,ok,download_temp,/tmp/RtmpQRudZG/rais_streaming_20876/download/2009/PR2009.7z,1,1630964
2009,RJ,ok,download_temp,/tmp/RtmpQRudZG/rais_streaming_20876/download/2009/RJ2009.7z,1,2514259
2009,RN,ok,download_temp,/tmp/RtmpQRudZG/rais_streaming_20876/download/2009/RN2009.7z,1,331182
2009,RO,ok,download_temp,/tmp/RtmpQRudZG/rais_streaming_20876/download/2009/RO2009.7z,1,191441
2009,RR,ok,download_temp,/tmp/RtmpQRudZG/rais_streaming_20876/download/2009/RR2009.7z,1,38845
2009,RS,ok,download_temp,/tmp/RtmpQRudZG/rais_streaming_20876/download/2009/RS2009.7z,1,1555834
2009,SC,ok,download_temp,/tmp/RtmpQRudZG/rais_streaming_20876/download/2009/SC2009.7z,1,1118801
2009,SE,ok,download_temp,/tmp/RtmpQRudZG/rais_streaming_20876/download/2009/SE2009.7z,1,213824
2009,SP,falhou_arquivo,download_temp,,0,0
2009,TO,ok,download_temp,/tmp/RtmpQRudZG/rais_streaming_20876/download/2009/TO2009.7z,1,134669
2010,AC,ok,download_temp,/tmp/RtmpQRudZG/rais_streaming_20876/download/2010/AC2010.7z,1,70460
2010,AL,ok,download_temp,/tmp/RtmpQRudZG/rais_streaming_20876/download/2010/AL2010.7z,1,324615
2010,AM,ok,download_temp,/tmp/RtmpQRudZG/rais_streaming_20876/download/2010/AM2010.7z,1,375179
2010,AP,ok,download_temp,/tmp/RtmpQRudZG/rais_streaming_20876/download/2010/AP2010.7z,1,64329
2010,BA,ok,download_temp,/tmp/RtmpQRudZG/rais_streaming_20876/download/2010/BA2010.7z,1,1441191
2010,CE,falhou_arquivo,download_temp,,0,0
2010,DF,ok,download_temp,/tmp/RtmpQRudZG/rais_streaming_20876/download/2010/DF2010.7z,1,695432
2010,ES,ok,download_temp,/tmp/RtmpQRudZG/rais_streaming_20876/download/2010/ES2010.7z,1,589124
2010,GO,ok,download_temp,/tmp/RtmpQRudZG/rais_streaming_20876/download/2010/GO2010.7z,1,898168
2010,MA,ok,download_temp,/tmp/RtmpQRudZG/rais_streaming_20876/download/2010/MA2010.7z,1,399928
2010,MG,ok,download_temp,/tmp/RtmpQRudZG/rais_streaming_20876/download/2010/MG2010.7z,1,3137071
2010,MS,ok,download_temp,/tmp/RtmpQRudZG/rais_streaming_20876/download/2010/MS2010.7z,1,388931
2010,MT,ok,download_temp,/tmp/RtmpQRudZG/rais_streaming_20876/download/2010/MT2010.7z,1,511382
2010,PA,ok,download_temp,/tmp/RtmpQRudZG/rais_streaming_20876/download/2010/PA2010.7z,1,643662
2010,PB,ok,download_temp,/tmp/RtmpQRudZG/rais_streaming_20876/download/2010/PB2010.7z,1,334778
2010,PE,falhou_arquivo,download_temp,,0,0
2010,PI,falhou_arquivo,download_temp,,0,0
2010,PR,falhou_arquivo,download_temp,,0,0
2010,RJ,ok,download_temp,/tmp/RtmpQRudZG/rais_streaming_20876/download/2010/RJ2010.7z,1,2711692
2010,RN,ok,download_temp,/tmp/RtmpQRudZG/rais_streaming_20876/download/2010/RN2010.7z,1,362034
2010,RO,ok,download_temp,/tmp/RtmpQRudZG/rais_streaming_20876/download/2010/RO2010.7z,1,224803
2010,RR,ok,download_temp,/tmp/RtmpQRudZG/rais_streaming_20876/download/2010/RR2010.7z,1,42550
2010,RS,ok,download_temp,/tmp/RtmpQRudZG/rais_streaming_20876/download/2010/RS2010.7z,1,1687636
2010,SC,ok,download_temp,/tmp/RtmpQRudZG/rais_streaming_20876/download/2010/SC2010.7z,1,1198844
2010,SE,ok,download_temp,/tmp/RtmpQRudZG/rais_streaming_20876/download/2010/SE2010.7z,1,233027
2010,SP,falhou_arquivo,download_temp,,0,0
2010,TO,ok,download_temp,/tmp/RtmpQRudZG/rais_streaming_20876/download/2010/TO2010.7z,1,147260
2011,AC,ok,download_temp,/tmp/RtmpQRudZG/rais_streaming_20876/download/2011/AC2011.7z,1,72372
2011,AL,ok,download_temp,/tmp/RtmpQRudZG/rais_streaming_20876/download/2011/AL2011.7z,1,347561
2011,AM,ok,download_temp,/tmp/RtmpQRudZG/rais_streaming_20876/download/2011/AM2011.7z,1,399990
2011,AP,ok,download_temp,/tmp/RtmpQRudZG/rais_streaming_20876/download/2011/AP2011.7z,1,70965
2011,BA,falhou_arquivo,download_temp,,0,0
2011,CE,ok,download_temp,/tmp/RtmpQRudZG/rais_streaming_20876/download/2011/CE2011.7z,1,874091
2011,DF,ok,download_temp,/tmp/RtmpQRudZG/rais_streaming_20876/download/2011/DF2011.7z,1,727749
2011,ES,ok,download_temp,/tmp/RtmpQRudZG/rais_streaming_20876/download/2011/ES2011.7z,1,612552
2011,GO,ok,download_temp,/tmp/RtmpQRudZG/rais_streaming_20876/download/2011/GO2011.7z,1,963639
2011,MA,ok,download_temp,/tmp/RtmpQRudZG/rais_streaming_20876/download/2011/MA2011.7z,1,428318
2011,MG,ok,download_temp,/tmp/RtmpQRudZG/rais_streaming_20876/download/2011/MG2011.7z,1,3240034
2011,MS,falhou_arquivo,download_temp,,0,0
2011,MT,ok,download_temp,/tmp/RtmpQRudZG/rais_streaming_20876/download/2011/MT2011.7z,1,556389
2011,PA,ok,download_temp,/tmp/RtmpQRudZG/rais_streaming_20876/download/2011/PA2011.7z,1,695267
2011,PB,ok,download_temp,/tmp/RtmpQRudZG/rais_streaming_20876/download/2011/PB2011.7z,1,366338
2011,PE,ok,download_temp,/tmp/RtmpQRudZG/rais_streaming_20876/download/2011/PE2011.7z,1,1116688
2011,PI,ok,download_temp,/tmp/RtmpQRudZG/rais_streaming_20876/download/2011/PI2011.7z,1,244069
2011,PR,ok,download_temp,/tmp/RtmpQRudZG/rais_streaming_20876/download/2011/PR2011.7z,1,1838601
2011,RJ,ok,download_temp,/tmp/RtmpQRudZG/rais_streaming_20876/download/2011/RJ2011.7z,1,2825290
2011,RN,ok,download_temp,/tmp/RtmpQRudZG/rais_streaming_20876/download/2011/RN2011.7z,1,384821
2011,RO,ok,download_temp,/tmp/RtmpQRudZG/rais_streaming_20876/download/2011/RO2011.7z,1,237710
2011,RR,ok,download_temp,/tmp/RtmpQRudZG/rais_streaming_20876/download/2011/RR2011.7z,1,47814
2011,RS,ok,download_temp,/tmp/RtmpQRudZG/rais_streaming_20876/download/2011/RS2011.7z,1,1760029
2011,SC,ok,download_temp,/tmp/RtmpQRudZG/rais_streaming_20876/download/2011/SC2011.7z,1,1260622
2011,SE,falhou_arquivo,download_temp,,0,0
2011,SP,falhou_arquivo,download_temp,,0,0
2011,TO,ok,download_temp,/tmp/RtmpQRudZG/rais_streaming_20876/download/2011/TO2011.7z,1,153222
2012,AC,ok,download_temp,/tmp/RtmpQRudZG/rais_streaming_20876/download/2012/AC2012.7z,1,75889
2012,AL,ok,download_temp,/tmp/RtmpQRudZG/rais_streaming_20876/download/2012/AL2012.7z,1,358316
2012,AM,ok,download_temp,/tmp/RtmpQRudZG/rais_streaming_20876/download/2012/AM2012.7z,1,416000
2012,AP,ok,download_temp,/tmp/RtmpQRudZG/rais_streaming_20876/download/2012/AP2012.7z,1,75596
2012,BA,ok,download_temp,/tmp/RtmpQRudZG/rais_streaming_20876/download/2012/BA2012.7z,1,1557816
2012,CE,ok,download_temp,/tmp/RtmpQRudZG/rais_streaming_20876/download/2012/CE2012.7z,1,900721
2012,DF,falhou_arquivo,download_temp,,0,0
2012,ES,falhou_arquivo,download_temp,,0,0
2012,GO,ok,download_temp,/tmp/RtmpQRudZG/rais_streaming_20876/download/2012/GO2012.7z,1,999321
2012,MA,ok,download_temp,/tmp/RtmpQRudZG/rais_streaming_20876/download/2012/MA2012.7z,1,451680
2012,MG,ok,download_temp,/tmp/RtmpQRudZG/rais_streaming_20876/download/2012/MG2012.7z,1,3299342
2012,MS,falhou_arquivo,download_temp,,0,0
2012,MT,ok,download_temp,/tmp/RtmpQRudZG/rais_streaming_20876/download/2012/MT2012.7z,1,591224
2012,PA,ok,download_temp,/tmp/RtmpQRudZG/rais_streaming_20876/download/2012/PA2012.7z,1,719217
2012,PB,ok,download_temp,/tmp/RtmpQRudZG/rais_streaming_20876/download/2012/PB2012.7z,1,384224
2012,PE,ok,download_temp,/tmp/RtmpQRudZG/rais_streaming_20876/download/2012/PE2012.7z,1,1170513
2012,PI,ok,download_temp,/tmp/RtmpQRudZG/rais_streaming_20876/download/2012/PI2012.7z,1,257309
2012,PR,ok,download_temp,/tmp/RtmpQRudZG/rais_streaming_20876/download/2012/PR2012.7z,1,1899145
2012,RJ,ok,download_temp,/tmp/RtmpQRudZG/rais_streaming_20876/download/2012/RJ2012.7z,1,2898289
2012,RN,ok,download_temp,/tmp/RtmpQRudZG/rais_streaming_20876/download/2012/RN2012.7z,1,396902
2012,RO,ok,download_temp,/tmp/RtmpQRudZG/rais_streaming_20876/download/2012/RO2012.7z,1,241814
2012,RR,ok,download_temp,/tmp/RtmpQRudZG/rais_streaming_20876/download/2012/RR2012.7z,1,49091
2012,RS,ok,download_temp,/tmp/RtmpQRudZG/rais_streaming_20876/download/2012/RS2012.7z,1,1797956
2012,SC,ok,download_temp,/tmp/RtmpQRudZG/rais_streaming_20876/download/2012/SC2012.7z,1,1278730
2012,SE,ok,download_temp,/tmp/RtmpQRudZG/rais_streaming_20876/download/2012/SE2012.7z,1,253212
2012,SP,falhou_arquivo,download_temp,,0,0
2012,TO,ok,download_temp,/tmp/RtmpQRudZG/rais_streaming_20876/download/2012/TO2012.7z,1,157219
2013,AC,ok,download_temp,/tmp/RtmpQRudZG/rais_streaming_20876/download/2013/AC2013.7z,1,76945
2013,AL,ok,download_temp,/tmp/RtmpQRudZG/rais_streaming_20876/download/2013/AL2013.7z,1,358342
2013,AM,ok,download_temp,/tmp/RtmpQRudZG/rais_streaming_20876/download/2013/AM2013.7z,1,424644
2013,AP,ok,download_temp,/tmp/RtmpQRudZG/rais_streaming_20876/download/2013/AP2013.7z,1,80342
2013,BA,ok,download_temp,/tmp/RtmpQRudZG/rais_streaming_20876/download/2013/BA2013.7z,1,1559137
2013,CE,ok,download_temp,/tmp/RtmpQRudZG/rais_streaming_20876/download/2013/CE2013.7z,1,955806
2013,DF,ok,download_temp,/tmp/RtmpQRudZG/rais_streaming_20876/download/2013/DF2013.7z,1,780355
2013,ES,ok,download_temp,/tmp/RtmpQRudZG/rais_streaming_20876/download/2013/ES2013.7z,1,643099
2013,GO,ok,download_temp,/tmp/RtmpQRudZG/rais_streaming_20876/download/2013/GO2013.7z,1,1014914
2013,MA,ok,download_temp,/tmp/RtmpQRudZG/rais_streaming_20876/download/2013/MA2013.7z,1,463209
2013,MG,ok,download_temp,/tmp/RtmpQRudZG/rais_streaming_20876/download/2013/MG2013.7z,1,3303314
2013,MS,ok,download_temp,/tmp/RtmpQRudZG/rais_streaming_20876/download/2013/MS2013.7z,1,447953
2013,MT,ok,download_temp,/tmp/RtmpQRudZG/rais_streaming_20876/download/2013/MT2013.7z,1,615968
2013,PA,ok,download_temp,/tmp/RtmpQRudZG/rais_streaming_20876/download/2013/PA2013.7z,1,775866
2013,PB,ok,download_temp,/tmp/RtmpQRudZG/rais_streaming_20876/download/2013/PB2013.7z,1,401350
2013,PE,ok,download_temp,/tmp/RtmpQRudZG/rais_streaming_20876/download/2013/PE2013.7z,1,1199894
2013,PI,ok,download_temp,/tmp/RtmpQRudZG/rais_streaming_20876/download/2013/PI2013.7z,1,272633
2013,PR,ok,download_temp,/tmp/RtmpQRudZG/rais_streaming_20876/download/2013/PR2013.7z,1,1932665
2013,RJ,falhou_arquivo,download_temp,,0,0
2013,RN,ok,download_temp,/tmp/RtmpQRudZG/rais_streaming_20876/download/2013/RN2013.7z,1,405643
2013,RO,ok,download_temp,/tmp/RtmpQRudZG/rais_streaming_20876/download/2013/RO2013.7z,1,235700
2013,RR,ok,download_temp,/tmp/RtmpQRudZG/rais_streaming_20876/download/2013/RR2013.7z,1,50336
2013,RS,ok,download_temp,/tmp/RtmpQRudZG/rais_streaming_20876/download/2013/RS2013.7z,1,1841661
2013,SC,ok,download_temp,/tmp/RtmpQRudZG/rais_streaming_20876/download/2013/SC2013.7z,1,1332647
2013,SE,ok,download_temp,/tmp/RtmpQRudZG/rais_streaming_20876/download/2013/SE2013.7z,1,254433
2013,SP,falhou_arquivo,download_temp,,0,0
2013,TO,ok,download_temp,/tmp/RtmpQRudZG/rais_streaming_20876/download/2013/TO2013.7z,1,161954
2014,AC,ok,download_temp,/tmp/RtmpQRudZG/rais_streaming_20876/download/2014/AC2014.7z,1,81879
2014,AL,ok,download_temp,/tmp/RtmpQRudZG/rais_streaming_20876/download/2014/AL2014.7z,1,346105
2014,AM,ok,download_temp,/tmp/RtmpQRudZG/rais_streaming_20876/download/2014/AM2014.7z,1,420971
2014,AP,ok,download_temp,/tmp/RtmpQRudZG/rais_streaming_20876/download/2014/AP2014.7z,1,82040
2014,BA,ok,download_temp,/tmp/RtmpQRudZG/rais_streaming_20876/download/2014/BA2014.7z,1,1570028
2014,CE,ok,download_temp,/tmp/RtmpQRudZG/rais_streaming_20876/download/2014/CE2014.7z,1,992772
2014,DF,ok,download_temp,/tmp/RtmpQRudZG/rais_streaming_20876/download/2014/DF2014.7z,1,772264
2014,ES,ok,download_temp,/tmp/RtmpQRudZG/rais_streaming_20876/download/2014/ES2014.7z,1,641470
2014,GO,ok,download_temp,/tmp/RtmpQRudZG/rais_streaming_20876/download/2014/GO2014.7z,1,1019586
2014,MA,ok,download_temp,/tmp/RtmpQRudZG/rais_streaming_20876/download/2014/MA2014.7z,1,463823
2014,MG,ok,download_temp,/tmp/RtmpQRudZG/rais_streaming_20876/download/2014/MG2014.7z,1,3268401
2014,MS,ok,download_temp,/tmp/RtmpQRudZG/rais_streaming_20876/download/2014/MS2014.7z,1,449010
2014,MT,ok,download_temp,/tmp/RtmpQRudZG/rais_streaming_20876/download/2014/MT2014.7z,1,627504
2014,PA,ok,download_temp,/tmp/RtmpQRudZG/rais_streaming_20876/download/2014/PA2014.7z,1,795725
2014,PB,ok,download_temp,/tmp/RtmpQRudZG/rais_streaming_20876/download/2014/PB2014.7z,1,415054
2014,PE,ok,download_temp,/tmp/RtmpQRudZG/rais_streaming_20876/download/2014/PE2014.7z,1,1198035
2014,PI,ok,download_temp,/tmp/RtmpQRudZG/rais_streaming_20876/download/2014/PI2014.7z,1,282813
2014,PR,ok,download_temp,/tmp/RtmpQRudZG/rais_streaming_20876/download/2014/PR2014.7z,1,1939223
2014,RJ,ok,download_temp,/tmp/RtmpQRudZG/rais_streaming_20876/download/2014/RJ2014.7z,1,2991223
2014,RN,ok,download_temp,/tmp/RtmpQRudZG/rais_streaming_20876/download/2014/RN2014.7z,1,410015
2014,RO,ok,download_temp,/tmp/RtmpQRudZG/rais_streaming_20876/download/2014/RO2014.7z,1,231081
2014,RR,ok,download_temp,/tmp/RtmpQRudZG/rais_streaming_20876/download/2014/RR2014.7z,1,50125
2014,RS,ok,download_temp,/tmp/RtmpQRudZG/rais_streaming_20876/download/2014/RS2014.7z,1,1851198
2014,SC,ok,download_temp,/tmp/RtmpQRudZG/rais_streaming_20876/download/2014/SC2014.7z,1,1384819
2014,SE,ok,download_temp,/tmp/RtmpQRudZG/rais_streaming_20876/download/2014/SE2014.7z,1,261991
2014,SP,falhou_arquivo,download_temp,,0,0
2014,TO,ok,download_temp,/tmp/RtmpQRudZG/rais_streaming_20876/download/2014/TO2014.7z,1,174858
2015,AC,ok,download_temp,/tmp/RtmpQRudZG/rais_streaming_20876/download/2015/AC2015.7z,1,78977
2015,AL,ok,download_temp,/tmp/RtmpQRudZG/rais_streaming_20876/download/2015/AL2015.7z,1,329287
2015,AM,ok,download_temp,/tmp/RtmpQRudZG/rais_streaming_20876/download/2015/AM2015.7z,1,389032
2015,AP,ok,download_temp,/tmp/RtmpQRudZG/rais_streaming_20876/download/2015/AP2015.7z,1,74010
2015,BA,ok,download_temp,/tmp/RtmpQRudZG/rais_streaming_20876/download/2015/BA2015.7z,1,1501285
2015,CE,ok,download_temp,/tmp/RtmpQRudZG/rais_streaming_20876/download/2015/CE2015.7z,1,973207
2015,DF,ok,download_temp,/tmp/RtmpQRudZG/rais_streaming_20876/download/2015/DF2015.7z,1,734975
2015,ES,ok,download_temp,/tmp/RtmpQRudZG/rais_streaming_20876/download/2015/ES2015.7z,1,602061
2015,GO,ok,download_temp,/tmp/RtmpQRudZG/rais_streaming_20876/download/2015/GO2015.7z,1,977821
2015,MA,ok,download_temp,/tmp/RtmpQRudZG/rais_streaming_20876/download/2015/MA2015.7z,1,442085
2015,MG,ok,download_temp,/tmp/RtmpQRudZG/rais_streaming_20876/download/2015/MG2015.7z,1,3069703
2015,MS,ok,download_temp,/tmp/RtmpQRudZG/rais_streaming_20876/download/2015/MS2015.7z,1,435331
2015,MT,ok,download_temp,/tmp/RtmpQRudZG/rais_streaming_20876/download/2015/MT2015.7z,1,604007
2015,PA,falhou_arquivo,download_temp,,0,0
2015,PB,falhou_arquivo,download_temp,,0,0
2015,PE,falhou_arquivo,download_temp,,0,0
2015,PI,ok,download_temp,/tmp/RtmpQRudZG/rais_streaming_20876/download/2015/PI2015.7z,1,276698
2015,PR,falhou_arquivo,download_temp,,0,0
2015,RJ,ok,download_temp,/tmp/RtmpQRudZG/rais_streaming_20876/download/2015/RJ2015.7z,1,2794082
2015,RN,ok,download_temp,/tmp/RtmpQRudZG/rais_streaming_20876/download/2015/RN2015.7z,1,392826
2015,RO,falhou_arquivo,download_temp,,0,0
2015,RR,ok,download_temp,/tmp/RtmpQRudZG/rais_streaming_20876/download/2015/RR2015.7z,1,51918
2015,RS,ok,download_temp,/tmp/RtmpQRudZG/rais_streaming_20876/download/2015/RS2015.7z,1,1738516
2015,SC,falhou_arquivo,download_temp,,0,0
2015,SE,ok,download_temp,/tmp/RtmpQRudZG/rais_streaming_20876/download/2015/SE2015.7z,1,249772
2015,SP,falhou_arquivo,download_temp,,0,0
2015,TO,ok,download_temp,/tmp/RtmpQRudZG/rais_streaming_20876/download/2015/TO2015.7z,1,173142
2016,AC,falhou_arquivo,download_temp,,0,0
2016,AL,falhou_arquivo,download_temp,,0,0
2016,AM,ok,download_temp,/tmp/RtmpQRudZG/rais_streaming_20876/download/2016/AM2016.7z,1,353367
2016,AP,ok,download_temp,/tmp/RtmpQRudZG/rais_streaming_20876/download/2016/AP2016.7z,1,72907
2016,BA,ok,download_temp,/tmp/RtmpQRudZG/rais_streaming_20876/download/2016/BA2016.7z,1,1378593
2016,CE,ok,download_temp,/tmp/RtmpQRudZG/rais_streaming_20876/download/2016/CE2016.7z,1,906507
2016,DF,ok,download_temp,/tmp/RtmpQRudZG/rais_streaming_20876/download/2016/DF2016.7z,1,687280
2016,ES,ok,download_temp,/tmp/RtmpQRudZG/rais_streaming_20876/download/2016/ES2016.7z,1,553441
2016,GO,ok,download_temp,/tmp/RtmpQRudZG/rais_streaming_20876/download/2016/GO2016.7z,1,921695
2016,MA,ok,download_temp,/tmp/RtmpQRudZG/rais_streaming_20876/download/2016/MA2016.7z,1,414598
2016,MG,ok,download_temp,/tmp/RtmpQRudZG/rais_streaming_20876/download/2016/MG2016.7z,1,2886731
2016,MS,ok,download_temp,/tmp/RtmpQRudZG/rais_streaming_20876/download/2016/MS2016.7z,1,424316
2016,MT,ok,download_temp,/tmp/RtmpQRudZG/rais_streaming_20876/download/2016/MT2016.7z,1,564605
2016,PA,ok,download_temp,/tmp/RtmpQRudZG/rais_streaming_20876/download/2016/PA2016.7z,1,698736
2016,PB,ok,download_temp,/tmp/RtmpQRudZG/rais_streaming_20876/download/2016/PB2016.7z,1,375998
2016,PE,falhou_arquivo,download_temp,,0,0
2016,PI,ok,download_temp,/tmp/RtmpQRudZG/rais_streaming_20876/download/2016/PI2016.7z,1,258968
2016,PR,ok,download_temp,/tmp/RtmpQRudZG/rais_streaming_20876/download/2016/PR2016.7z,1,1781278
2016,RJ,ok,download_temp,/tmp/RtmpQRudZG/rais_streaming_20876/download/2016/RJ2016.7z,1,2568390
2016,RN,ok,download_temp,/tmp/RtmpQRudZG/rais_streaming_20876/download/2016/RN2016.7z,1,369200
2016,RO,ok,download_temp,/tmp/RtmpQRudZG/rais_streaming_20876/download/2016/RO2016.7z,1,196854
2016,RR,ok,download_temp,/tmp/RtmpQRudZG/rais_streaming_20876/download/2016/RR2016.7z,1,50063
2016,RS,ok,download_temp,/tmp/RtmpQRudZG/rais_streaming_20876/download/2016/RS2016.7z,1,1641817
2016,SC,ok,download_temp,/tmp/RtmpQRudZG/rais_streaming_20876/download/2016/SC2016.7z,1,1273015
2016,SE,ok,download_temp,/tmp/RtmpQRudZG/rais_streaming_20876/download/2016/SE2016.7z,1,235747
2016,SP,falhou_arquivo,download_temp,,0,0
2016,TO,falhou_arquivo,download_temp,,0,0
2017,AC,ok,download_temp,/tmp/RtmpQRudZG/rais_streaming_20876/download/2017/AC2017.7z,1,73892
2017,AL,ok,download_temp,/tmp/RtmpQRudZG/rais_streaming_20876/download/2017/AL2017.7z,1,306189
2017,AM,ok,download_temp,/tmp/RtmpQRudZG/rais_streaming_20876/download/2017/AM2017.7z,1,347728
2017,AP,ok,download_temp,/tmp/RtmpQRudZG/rais_streaming_20876/download/2017/AP2017.7z,1,70023
2017,BA,falhou_arquivo,download_temp,,0,0
2017,CE,ok,download_temp,/tmp/RtmpQRudZG/rais_streaming_20876/download/2017/CE2017.7z,1,875183
2017,DF,ok,download_temp,/tmp/RtmpQRudZG/rais_streaming_20876/download/2017/DF2017.7z,1,674032
2017,ES,ok,download_temp,/tmp/RtmpQRudZG/rais_streaming_20876/download/2017/ES2017.7z,1,538991
2017,GO,ok,download_temp,/tmp/RtmpQRudZG/rais_streaming_20876/download/2017/GO2017.7z,1,929712
2017,MA,falhou_arquivo,download_temp,,0,0
2017,MG,ok,download_temp,/tmp/RtmpQRudZG/rais_streaming_20876/download/2017/MG2017.7z,1,2867792
2017,MS,ok,download_temp,/tmp/RtmpQRudZG/rais_streaming_20876/download/2017/MS2017.7z,1,426260
2017,MT,ok,download_temp,/tmp/RtmpQRudZG/rais_streaming_20876/download/2017/MT2017.7z,1,569614
2017,PA,ok,download_temp,/tmp/RtmpQRudZG/rais_streaming_20876/download/2017/PA2017.7z,1,690916
2017,PB,ok,download_temp,/tmp/RtmpQRudZG/rais_streaming_20876/download/2017/PB2017.7z,1,369743
2017,PE,ok,download_temp,/tmp/RtmpQRudZG/rais_streaming_20876/download/2017/PE2017.7z,1,973708
2017,PI,ok,download_temp,/tmp/RtmpQRudZG/rais_streaming_20876/download/2017/PI2017.7z,1,250494
2017,PR,ok,download_temp,/tmp/RtmpQRudZG/rais_streaming_20876/download/2017/PR2017.7z,1,1746894
2017,RJ,ok,download_temp,/tmp/RtmpQRudZG/rais_streaming_20876/download/2017/RJ2017.7z,1,2354397
2017,RN,ok,download_temp,/tmp/RtmpQRudZG/rais_streaming_20876/download/2017/RN2017.7z,1,358763
2017,RO,ok,download_temp,/tmp/RtmpQRudZG/rais_streaming_20876/download/2017/RO2017.7z,1,190569
2017,RR,ok,download_temp,/tmp/RtmpQRudZG/rais_streaming_20876/download/2017/RR2017.7z,1,51187
2017,RS,ok,download_temp,/tmp/RtmpQRudZG/rais_streaming_20876/download/2017/RS2017.7z,1,1606542
2017,SC,ok,download_temp,/tmp/RtmpQRudZG/rais_streaming_20876/download/2017/SC2017.7z,1,1280464
2017,SE,ok,download_temp,/tmp/RtmpQRudZG/rais_streaming_20876/download/2017/SE2017.7z,1,226590
2017,SP,falhou_arquivo,download_temp,,0,0
2017,TO,ok,download_temp,/tmp/RtmpQRudZG/rais_streaming_20876/download/2017/TO2017.7z,1,172701
2018,AC,falhou_arquivo,download_temp,,0,0
2018,AL,falhou_arquivo,download_temp,,0,0
2018,AM,falhou_arquivo,download_temp,,0,0
2018,AP,falhou_arquivo,download_temp,,0,0
2018,BA,falhou_arquivo,download_temp,,0,0
2018,CE,falhou_arquivo,download_temp,,0,0
2018,DF,falhou_arquivo,download_temp,,0,0
2018,ES,falhou_arquivo,download_temp,,0,0
2018,GO,falhou_arquivo,download_temp,,0,0
2018,MA,falhou_arquivo,download_temp,,0,0
2018,MG,falhou_arquivo,download_temp,,0,0
2018,MS,falhou_arquivo,download_temp,,0,0
2018,MT,falhou_arquivo,download_temp,,0,0
2018,PA,falhou_arquivo,download_temp,,0,0
2018,PB,falhou_arquivo,download_temp,,0,0
2018,PE,falhou_arquivo,download_temp,,0,0
2018,PI,falhou_arquivo,download_temp,,0,0
2018,PR,falhou_arquivo,download_temp,,0,0
2018,RJ,falhou_arquivo,download_temp,,0,0
2018,RN,falhou_arquivo,download_temp,,0,0
2018,RO,falhou_arquivo,download_temp,,0,0
2018,RR,falhou_arquivo,download_temp,,0,0
2018,RS,falhou_arquivo,download_temp,,0,0
2018,SC,falhou_arquivo,download_temp,,0,0
2018,SE,falhou_arquivo,download_temp,,0,0
2018,SP,falhou_arquivo,download_temp,,0,0
2018,TO,falhou_arquivo,download_temp,,0,0
2019,AC,falhou_arquivo,download_temp,,0,0
2019,AL,falhou_arquivo,download_temp,,0,0
2019,AM,falhou_arquivo,download_temp,,0,0
2019,AP,falhou_arquivo,download_temp,,0,0
2019,BA,falhou_arquivo,download_temp,,0,0
2019,CE,falhou_arquivo,download_temp,,0,0
2019,DF,falhou_arquivo,download_temp,,0,0
2019,ES,falhou_arquivo,download_temp,,0,0
2019,GO,falhou_arquivo,download_temp,,0,0
2019,MA,falhou_arquivo,download_temp,,0,0
2019,MG,falhou_arquivo,download_temp,,0,0
2019,MS,falhou_arquivo,download_temp,,0,0
2019,MT,falhou_arquivo,download_temp,,0,0
2019,PA,falhou_arquivo,download_temp,,0,0
2019,PB,falhou_arquivo,download_temp,,0,0
2019,PE,falhou_arquivo,download_temp,,0,0
2019,PI,falhou_arquivo,download_temp,,0,0
2019,PR,falhou_arquivo,download_temp,,0,0
2019,RJ,falhou_arquivo,download_temp,,0,0
2019,RN,falhou_arquivo,download_temp,,0,0
2019,RO,falhou_arquivo,download_temp,,0,0
2019,RR,falhou_arquivo,download_temp,,0,0
2019,RS,falhou_arquivo,download_temp,,0,0
2019,SC,falhou_arquivo,download_temp,,0,0
2019,SE,falhou_arquivo,download_temp,,0,0
2019,SP,falhou_arquivo,download_temp,,0,0
2019,TO,falhou_arquivo,download_temp,,0,0
2020,AC,falhou_arquivo,download_temp,,0,0
2020,AL,falhou_arquivo,download_temp,,0,0
2020,AM,falhou_arquivo,download_temp,,0,0
2020,AP,falhou_arquivo,download_temp,,0,0
2020,BA,falhou_arquivo,download_temp,,0,0
2020,CE,falhou_arquivo,download_temp,,0,0
2020,DF,falhou_arquivo,download_temp,,0,0
2020,ES,falhou_arquivo,download_temp,,0,0
2020,GO,falhou_arquivo,download_temp,,0,0
2020,MA,falhou_arquivo,download_temp,,0,0
2020,MG,falhou_arquivo,download_temp,,0,0
2020,MS,falhou_arquivo,download_temp,,0,0
2020,MT,falhou_arquivo,download_temp,,0,0
2020,PA,falhou_arquivo,download_temp,,0,0
2020,PB,falhou_arquivo,download_temp,,0,0
2020,PE,falhou_arquivo,download_temp,,0,0
2020,PI,falhou_arquivo,download_temp,,0,0
2020,PR,falhou_arquivo,download_temp,,0,0
2020,RJ,falhou_arquivo,download_temp,,0,0
2020,RN,falhou_arquivo,download_temp,,0,0
2020,RO,falhou_arquivo,download_temp,,0,0
2020,RR,falhou_arquivo,download_temp,,0,0
2020,RS,falhou_arquivo,download_temp,,0,0
2020,SC,falhou_arquivo,download_temp,,0,0
2020,SE,falhou_arquivo,download_temp,,0,0
2020,SP,falhou_arquivo,download_temp,,0,0
2020,TO,falhou_arquivo,download_temp,,0,0
2021,AC,falhou_arquivo,download_temp,,0,0
2021,AL,falhou_arquivo,download_temp,,0,0
2021,AM,falhou_arquivo,download_temp,,0,0
2021,AP,falhou_arquivo,download_temp,,0,0
2021,BA,falhou_arquivo,download_temp,,0,0
2021,CE,falhou_arquivo,download_temp,,0,0
2021,DF,falhou_arquivo,download_temp,,0,0
2021,ES,falhou_arquivo,download_temp,,0,0
2021,GO,falhou_arquivo,download_temp,,0,0
2021,MA,falhou_arquivo,download_temp,,0,0
2021,MG,falhou_arquivo,download_temp,,0,0
2021,MS,falhou_arquivo,download_temp,,0,0
2021,MT,falhou_arquivo,download_temp,,0,0
2021,PA,falhou_arquivo,download_temp,,0,0
2021,PB,falhou_arquivo,download_temp,,0,0
2021,PE,falhou_arquivo,download_temp,,0,0
2021,PI,falhou_arquivo,download_temp,,0,0
2021,PR,falhou_arquivo,download_temp,,0,0
2021,RJ,falhou_arquivo,download_temp,,0,0
2021,RN,falhou_arquivo,download_temp,,0,0
2021,RO,falhou_arquivo,download_temp,,0,0
2021,RR,falhou_arquivo,download_temp,,0,0
2021,RS,falhou_arquivo,download_temp,,0,0
2021,SC,falhou_arquivo,download_temp,,0,0
2021,SE,falhou_arquivo,download_temp,,0,0
2021,SP,falhou_arquivo,download_temp,,0,0
2021,TO,falhou_arquivo,download_temp,,0,0
2022,AC,falhou_arquivo,download_temp,,0,0
2022,AL,falhou_arquivo,download_temp,,0,0
2022,AM,falhou_arquivo,download_temp,,0,0
2022,AP,falhou_arquivo,download_temp,,0,0
2022,BA,falhou_arquivo,download_temp,,0,0
2022,CE,falhou_arquivo,download_temp,,0,0
2022,DF,falhou_arquivo,download_temp,,0,0
2022,ES,falhou_arquivo,download_temp,,0,0
2022,GO,falhou_arquivo,download_temp,,0,0
2022,MA,falhou_arquivo,download_temp,,0,0
2022,MG,falhou_arquivo,download_temp,,0,0
2022,MS,falhou_arquivo,download_temp,,0,0
2022,MT,falhou_arquivo,download_temp,,0,0
2022,PA,falhou_arquivo,download_temp,,0,0
2022,PB,falhou_arquivo,download_temp,,0,0
2022,PE,falhou_arquivo,download_temp,,0,0
2022,PI,falhou_arquivo,download_temp,,0,0
2022,PR,falhou_arquivo,download_temp,,0,0
2022,RJ,falhou_arquivo,download_temp,,0,0
2022,RN,falhou_arquivo,download_temp,,0,0
2022,RO,falhou_arquivo,download_temp,,0,0
2022,RR,falhou_arquivo,download_temp,,0,0
2022,RS,falhou_arquivo,download_temp,,0,0
2022,SC,falhou_arquivo,download_temp,,0,0
2022,SE,falhou_arquivo,download_temp,,0,0
2022,SP,falhou_arquivo,download_temp,,0,0
2022,TO,falhou_arquivo,download_temp,,0,0
2023,AC,falhou_arquivo,download_temp,,0,0
2023,AL,falhou_arquivo,download_temp,,0,0
2023,AM,falhou_arquivo,download_temp,,0,0
2023,AP,falhou_arquivo,download_temp,,0,0
2023,BA,falhou_arquivo,download_temp,,0,0
2023,CE,falhou_arquivo,download_temp,,0,0
2023,DF,falhou_arquivo,download_temp,,0,0
2023,ES,falhou_arquivo,download_temp,,0,0
2023,GO,falhou_arquivo,download_temp,,0,0
2023,MA,falhou_arquivo,download_temp,,0,0
2023,MG,falhou_arquivo,download_temp,,0,0
2023,MS,falhou_arquivo,download_temp,,0,0
2023,MT,falhou_arquivo,download_temp,,0,0
2023,PA,falhou_arquivo,download_temp,,0,0
2023,PB,falhou_arquivo,download_temp,,0,0
2023,PE,falhou_arquivo,download_temp,,0,0
2023,PI,falhou_arquivo,download_temp,,0,0
2023,PR,falhou_arquivo,download_temp,,0,0
2023,RJ,falhou_arquivo,download_temp,,0,0
2023,RN,falhou_arquivo,download_temp,,0,0
2023,RO,falhou_arquivo,download_temp,,0,0
2023,RR,falhou_arquivo,download_temp,,0,0
2023,RS,falhou_arquivo,download_temp,,0,0
2023,SC,falhou_arquivo,download_temp,,0,0
2023,SE,falhou_arquivo,download_temp,,0,0
2023,SP,falhou_arquivo,download_temp,,0,0
2023,TO,falhou_arquivo,download_temp,,0,0
2024,AC,falhou_arquivo,download_temp,,0,0
2024,AL,falhou_arquivo,download_temp,,0,0
2024,AM,falhou_arquivo,download_temp,,0,0
2024,AP,falhou_arquivo,download_temp,,0,0
2024,BA,falhou_arquivo,download_temp,,0,0
2024,CE,falhou_arquivo,download_temp,,0,0
2024,DF,falhou_arquivo,download_temp,,0,0
2024,ES,falhou_arquivo,download_temp,,0,0
2024,GO,falhou_arquivo,download_temp,,0,0
2024,MA,falhou_arquivo,download_temp,,0,0
2024,MG,falhou_arquivo,download_temp,,0,0
2024,MS,falhou_arquivo,download_temp,,0,0
2024,MT,falhou_arquivo,download_temp,,0,0
2024,PA,falhou_arquivo,download_temp,,0,0
2024,PB,falhou_arquivo,download_temp,,0,0
2024,PE,falhou_arquivo,download_temp,,0,0
2024,PI,falhou_arquivo,download_temp,,0,0
2024,PR,falhou_arquivo,download_temp,,0,0
2024,RJ,falhou_arquivo,download_temp,,0,0
2024,RN,falhou_arquivo,download_temp,,0,0
2024,RO,falhou_arquivo,download_temp,,0,0
2024,RR,falhou_arquivo,download_temp,,0,0
2024,RS,falhou_arquivo,download_temp,,0,0
2024,SC,falhou_arquivo,download_temp,,0,0
2024,SE,falhou_arquivo,download_temp,,0,0
2024,SP,falhou_arquivo,download_temp,,0,0
2024,TO,falhou_arquivo,download_temp,,0,0
1994,AC,ok,download_temp,/tmp/RtmpQRudZG/rais_streaming_20876/download/1994/AC1994.7z,1,25166
1994,AL,ok,download_temp,/tmp/RtmpQRudZG/rais_streaming_20876/download/1994/AL1994.7z,1,143748
1994,AM,ok,download_temp,/tmp/RtmpQRudZG/rais_streaming_20876/download/1994/AM1994.7z,1,125705
1994,AP,ok,download_temp,/tmp/RtmpQRudZG/rais_streaming_20876/download/1994/AP1994.7z,1,18509
